{"cameraMode":{"drawMode":0,"name":"Shaded","section":"Shading Mode"},"sceneLighting":false,"audioPlay":false,"sceneViewState":{"showFog":true,"showMaterialUpdate":false,"showSkybox":false,"showFlares":true,"showImageEffects":true,"showParticleSystems":true},"in2DMode":false,"pivot":{"x":2.384185791015625e-7,"y":0.0000035762786865234377,"z":-0.0000034570693969726564},"rotation":{"x":-0.024692999199032785,"y":0.9026955366134644,"z":-0.4264189898967743,"w":-0.052321676164865497},"size":3.7589569091796877,"orthographic":false}