{"cameraMode":{"drawMode":0,"name":"Shaded","section":"Shading Mode"},"sceneLighting":false,"audioPlay":false,"sceneViewState":{"showFog":true,"showMaterialUpdate":false,"showSkybox":false,"showFlares":true,"showImageEffects":true,"showParticleSystems":true},"in2DMode":false,"pivot":{"x":-1.1149190664291382,"y":50.67058181762695,"z":-28.35961151123047},"rotation":{"x":0.4739688038825989,"y":0.009248300455510617,"z":-0.004954956471920013,"w":0.8805047273635864},"size":11.039060592651368,"orthographic":false}