{"cameraMode":{"drawMode":0,"name":"Shaded","section":"Shading Mode"},"sceneLighting":false,"audioPlay":false,"sceneViewState":{"showFog":true,"showMaterialUpdate":false,"showSkybox":true,"showFlares":true,"showImageEffects":true,"showParticleSystems":true},"in2DMode":false,"pivot":{"x":-6.441298484802246,"y":2.6764795780181886,"z":-12.424601554870606},"rotation":{"x":-0.07216326892375946,"y":0.5999494194984436,"z":-0.05412377789616585,"w":-0.7951967716217041},"size":20.207260131835939,"orthographic":false}