{"cameraMode":{"drawMode":0,"name":"Shaded","section":"Shading Mode"},"sceneLighting":false,"audioPlay":false,"sceneViewState":{"showFog":true,"showMaterialUpdate":false,"showSkybox":false,"showFlares":true,"showImageEffects":true,"showParticleSystems":true},"in2DMode":false,"pivot":{"x":-1.5505982637405396,"y":11.396200180053711,"z":-7.529054641723633},"rotation":{"x":0.5768192410469055,"y":0.030621089041233064,"z":-0.021619439125061036,"w":0.8160382509231567},"size":11.622374534606934,"orthographic":false}