{"cameraMode":{"drawMode":0,"name":"Shaded","section":"Shading Mode"},"sceneLighting":false,"audioPlay":false,"sceneViewState":{"showFog":true,"showMaterialUpdate":false,"showSkybox":true,"showFlares":true,"showImageEffects":true,"showParticleSystems":true},"in2DMode":false,"pivot":{"x":131.21749877929688,"y":12.962371826171875,"z":30.110679626464845},"rotation":{"x":-0.07512320578098297,"y":0.9015098214149475,"z":-0.17414526641368867,"w":-0.38902905583381655},"size":34.83769226074219,"orthographic":false}