{"cameraMode":{"drawMode":0,"name":"Shaded","section":"Shading Mode"},"sceneLighting":false,"audioPlay":false,"sceneViewState":{"showFog":true,"showMaterialUpdate":false,"showSkybox":false,"showFlares":true,"showImageEffects":true,"showParticleSystems":true},"in2DMode":false,"pivot":{"x":-1.2843103408813477,"y":21.205638885498048,"z":-9.032360076904297},"rotation":{"x":0.5348228216171265,"y":0.0076109240762889389,"z":-0.004788858816027641,"w":0.8449411392211914},"size":1.0000001192092896,"orthographic":false}