{"cameraMode":{"drawMode":0,"name":"Shaded","section":"Shading Mode"},"sceneLighting":false,"audioPlay":false,"sceneViewState":{"showFog":true,"showMaterialUpdate":false,"showSkybox":false,"showFlares":true,"showImageEffects":true,"showParticleSystems":true},"in2DMode":false,"pivot":{"x":-0.6217972040176392,"y":-1.9795920848846436,"z":-2.7042462825775148},"rotation":{"x":0.013193996623158455,"y":-0.9663954973220825,"z":0.25222837924957278,"w":0.05013275146484375},"size":5.148787498474121,"orthographic":false}