{"cameraMode":{"drawMode":0,"name":"Shaded","section":"Shading Mode"},"sceneLighting":false,"audioPlay":false,"sceneViewState":{"showFog":true,"showMaterialUpdate":false,"showSkybox":false,"showFlares":true,"showImageEffects":true,"showParticleSystems":true},"in2DMode":false,"pivot":{"x":-83.06156921386719,"y":6.533242225646973,"z":-10.70830249786377},"rotation":{"x":0.13502895832061768,"y":-0.6058663129806519,"z":0.1065654531121254,"w":0.777193009853363},"size":8.865005493164063,"orthographic":false}