{"cameraMode":{"drawMode":0,"name":"Shaded","section":"Shading Mode"},"sceneLighting":false,"audioPlay":false,"sceneViewState":{"showFog":true,"showMaterialUpdate":false,"showSkybox":true,"showFlares":true,"showImageEffects":true,"showParticleSystems":true},"in2DMode":false,"pivot":{"x":578.7592163085938,"y":-913.7400512695313,"z":2126.0986328125},"rotation":{"x":-0.20014964044094087,"y":-0.12751451134681703,"z":0.02345956303179264,"w":-0.9715479612350464},"size":1254.88330078125,"orthographic":false}