{"cameraMode":{"drawMode":0,"name":"Shaded","section":"Shading Mode"},"sceneLighting":false,"audioPlay":false,"sceneViewState":{"showFog":true,"showMaterialUpdate":false,"showSkybox":true,"showFlares":true,"showImageEffects":true,"showParticleSystems":true},"in2DMode":false,"pivot":{"x":-16.01028823852539,"y":17.837430953979493,"z":35.27251052856445},"rotation":{"x":0.024769173935055734,"y":-0.9583235383033752,"z":0.27174830436706545,"w":0.0874815434217453},"size":0.15681548416614533,"orthographic":false}