{"cameraMode":{"drawMode":0,"name":"Shaded","section":"Shading Mode"},"sceneLighting":false,"audioPlay":false,"sceneViewState":{"showFog":true,"showMaterialUpdate":false,"showSkybox":false,"showFlares":true,"showImageEffects":true,"showParticleSystems":true},"in2DMode":false,"pivot":{"x":-43.299983978271487,"y":-10.331635475158692,"z":65.09859466552735},"rotation":{"x":0.24135206639766694,"y":0.09682082384824753,"z":-0.023136436939239503,"w":0.9656758308410645},"size":8.865005493164063,"orthographic":false}