{"cameraMode":{"drawMode":0,"name":"Shaded","section":"Shading Mode"},"sceneLighting":false,"audioPlay":false,"sceneViewState":{"showFog":true,"showMaterialUpdate":false,"showSkybox":false,"showFlares":true,"showImageEffects":true,"showParticleSystems":true},"in2DMode":false,"pivot":{"x":0.6554124355316162,"y":0.6735911965370178,"z":3.598421573638916},"rotation":{"x":-0.07655888050794602,"y":-0.9174632430076599,"z":0.3253713548183441,"w":-0.21579739451408387},"size":2.0157952308654787,"orthographic":false}