{"cameraMode":{"drawMode":0,"name":"Shaded","section":"Shading Mode"},"sceneLighting":false,"audioPlay":false,"sceneViewState":{"showFog":true,"showMaterialUpdate":false,"showSkybox":false,"showFlares":true,"showImageEffects":true,"showParticleSystems":true},"in2DMode":false,"pivot":{"x":0.0,"y":0.010000228881835938,"z":-0.8088662624359131},"rotation":{"x":0.5348228216171265,"y":0.0076109240762889389,"z":-0.004788858816027641,"w":0.8449411392211914},"size":8.540606498718262,"orthographic":false}