{"cameraMode":{"drawMode":0,"name":"Shaded","section":"Shading Mode"},"sceneLighting":false,"audioPlay":false,"sceneViewState":{"showFog":true,"showMaterialUpdate":false,"showSkybox":false,"showFlares":true,"showImageEffects":true,"showParticleSystems":true},"in2DMode":false,"pivot":{"x":-35.760868072509769,"y":8.897455215454102,"z":-6.849151134490967},"rotation":{"x":-0.09872115403413773,"y":-0.7153932452201843,"z":0.10258664935827255,"w":-0.6845400333404541},"size":8.865006446838379,"orthographic":false}