{"cameraMode":{"drawMode":0,"name":"Shaded","section":"Shading Mode"},"sceneLighting":false,"audioPlay":false,"sceneViewState":{"showFog":true,"showMaterialUpdate":false,"showSkybox":false,"showFlares":true,"showImageEffects":true,"showParticleSystems":true},"in2DMode":false,"pivot":{"x":-1.5330607891082764,"y":0.05154326930642128,"z":-1.797151803970337},"rotation":{"x":0.014042374677956105,"y":-0.983292281627655,"z":0.1610047072172165,"w":0.08510901778936386},"size":5.148787498474121,"orthographic":false}