{"cameraMode":{"drawMode":0,"name":"Shaded","section":"Shading Mode"},"sceneLighting":false,"audioPlay":false,"sceneViewState":{"showFog":true,"showMaterialUpdate":false,"showSkybox":true,"showFlares":true,"showImageEffects":true,"showParticleSystems":true},"in2DMode":false,"pivot":{"x":21.453861236572267,"y":18.802288055419923,"z":-1.017930269241333},"rotation":{"x":0.27793076634407046,"y":-0.6735248565673828,"z":0.3100717067718506,"w":0.6113126873970032},"size":9.111547470092774,"orthographic":false}