{"cameraMode":{"drawMode":0,"name":"Shaded","section":"Shading Mode"},"sceneLighting":false,"audioPlay":false,"sceneViewState":{"showFog":true,"showMaterialUpdate":false,"showSkybox":false,"showFlares":true,"showImageEffects":true,"showParticleSystems":true},"in2DMode":false,"pivot":{"x":-102.3463134765625,"y":2.246114730834961,"z":-5.75193977355957},"rotation":{"x":-0.25906550884246828,"y":-0.2918004095554352,"z":0.08109817653894425,"w":-0.9175295829772949},"size":8.865005493164063,"orthographic":false}