{"cameraMode":{"drawMode":0,"name":"Shaded","section":"Shading Mode"},"sceneLighting":false,"audioPlay":false,"sceneViewState":{"showFog":true,"showMaterialUpdate":false,"showSkybox":true,"showFlares":true,"showImageEffects":true,"showParticleSystems":true},"in2DMode":false,"pivot":{"x":-14.60273551940918,"y":6.0216803550720219,"z":-87.63699340820313},"rotation":{"x":0.42978474497795107,"y":0.029410643503069879,"z":-0.013067245483398438,"w":0.9027371406555176},"size":8.865005493164063,"orthographic":false}